Date	News	sentiment
20-11-2019 04:44	"Urban Outfitters, Inc. (URBN) CEO Richard Hayne on Q3 2020 - Earnings Call Transcript"	0
20-11-2019 04:03	Post Malone Announces Second Leg of Runaway Tour for 2020 - See Dates!	1
20-11-2019 02:30	Medtronic (MDT) Q2 2020 Earnings Call Transcript	1
20-11-2019 02:27	Axonics® Announces Pricing of Public Offering of Common Stock	1
20-11-2019 02:00	Urban Outfitters Inc (URBN) Q3 2020 Earnings Call Transcript	1
20-11-2019 01:48	Bissell JetScrub Pet Upright Carpet Cleaner For $199.99 Shipped From Amazon After $90 Price Drop	0
20-11-2019 01:35	"Ozzy Osbourne, Marilyn Manson coming to St. Louis in 2020"	0
20-11-2019 01:24	80% of financial app users admit not fully realizing their banking credentials are shared: survey	0
20-11-2019 01:22	"65% Discount On CCilu Men’s And Woman’s Rain Boots And Sneakers, Styles Starting At Just $24 From Amazon!"	0
20-11-2019 01:02	Wired Subscription For Just $3.93/Year And Architectural Digest Just $4.50/Year From DiscountMags Pre-Black Friday Sale	1
20-11-2019 00:34	NTSB recommends changes following fatal Southwest accident. Boeing says it's working on fix	0
20-11-2019 00:15	Goldman Expands Company Research as Others in Industry Pull Back	0
20-11-2019 00:05	2 Boxes Of 12 uni-ball Vision Elite Rollerball Pens For $15.61-$16.96 Shipped From Amazon	0
20-11-2019 00:00	Fed Minutes Seen Reinforcing Message of Rates on Prolonged Hold	1
19-11-2019 23:58	"Post Malone & Swae Lee Announce New ""Runaway"" Tour Dates"	0
19-11-2019 23:53	Ex-Goldman CEO Says Elizabeth Warren Attack Should Be Viewed as “Impressionist Art”	1
19-11-2019 23:49	"Ricoh Color Multifunction Wireless Laser Printer With Copy, Scan, And Fax For $169 Shipped From BH After $100 Off Coupon!"	1
19-11-2019 23:28	Federal safety board calls on Boeing to redesign engine cowl on all 737NG planes	0
19-11-2019 23:23	Post Malone 'Runaway Tour' making several stops in Pennsylvania	1
19-11-2019 23:22	30 Cans Of Perrier Strawberry Flavored Carbonated Mineral Water For $8.52-$9.52 Shipped Via Amazon Subscribe And Save	1
19-11-2019 23:19	Chris Davis' 3rd-Quarter Buys	0
19-11-2019 23:10	"Don’t Miss Out On The Siyum! Seats Are Almost Sold Out, If You Want To Go, Stop Delaying And Buy Your Seat Now!"	1
19-11-2019 23:06	VEREIT® Announces Pricing of $600 Million of Senior Notes	1
19-11-2019 23:00	Affimed N.V. (AFMD) Q3 2019 Earnings Call Transcript	1
19-11-2019 22:57	Edited Transcript of MDT earnings conference call or presentation 19-Nov-19 1:00pm GMT	0
19-11-2019 22:57	Edited Transcript of ASH.N earnings conference call or presentation 19-Nov-19 2:00pm GMT	0
19-11-2019 22:50	The last leg of the rally? Is it time to take cover?	1
19-11-2019 22:37	Earn 100% Back In Staples Rewards On Up To $100 Of Printing	0
19-11-2019 22:16	iShares S&P 500 Value ETF: Now Is The Time To Invest	1
19-11-2019 22:11	Strong 30-Day Charts And Contributions From Tech And Communication Services (Technically Speaking)	1
19-11-2019 22:09	Cadence’s Lip-Bu Tan to Present at Wells Fargo TMT Summit in Las Vegas	1
19-11-2019 22:00	Cadence’s Lip-Bu Tan to Present at Wells Fargo TMT Summit in Las Vegas	0
19-11-2019 22:00	Cadence’s Lip-Bu Tan to Present at Wells Fargo TMT Summit in Las Vegas	0
19-11-2019 21:50	Northern Oregon Homeownership to Get $7.1 Million Boost	0
19-11-2019 21:46	Shabbat Permissible LED ShabBulb For $18.75 From Amazon	0
19-11-2019 21:41	"Crayola Art With Edge Nickelodeon Coloring Pages For $1.50 From Amazon, Plus Prime No Rush Credit!"	0
19-11-2019 21:23	Enable Midstream to Participate in Upcoming Conferences	0
19-11-2019 21:07	Axonics® Announces Proposed Public Offering of Common Stock	0
19-11-2019 21:07	Media Alert: Rambus to Present at Credit Suisse and Wells Fargo Investor Conferences	0
19-11-2019 21:06	Media Alert: Rambus to Present at Credit Suisse and Wells Fargo Investor Conferences	0
19-11-2019 21:06	Media Alert: Rambus to Present at Credit Suisse and Wells Fargo Investor Conferences	0
19-11-2019 21:00	Gilat Satellite Networks Ltd (GILT) Q3 2019 Earnings Call Transcript	1
19-11-2019 20:48	The best credit cards for paying your bills	0
19-11-2019 20:48	The best credit cards for paying your bills	0
19-11-2019 20:46	Ashland Global Holdings Inc. (ASH) CEO Bill Wulfsohn on Q4 2019 Results - Earnings Call Transcript	1
19-11-2019 20:46	Home Depot’s Numbers Don’t Mean What You Think They Mean	1
19-11-2019 20:45	JPMorgan Chase: Still The Best And Still A Buy	1
19-11-2019 20:39	U.S. safety board wants Boeing to redesign 737 NG part after fatal Southwest accident	1
19-11-2019 20:34	UPDATE 4-U.S. safety board wants Boeing to redesign 737 NG part after fatal Southwest accident	0
19-11-2019 20:34	Medtronic plc. (MDT) CEO Omar Ishrak on Q2 2020 Results - Earnings Call Transcript	1
19-11-2019 20:32	US regulators call for updates to Boeing 737 planes	0
19-11-2019 20:25	"Home Depot Disappoints, Yet New Home Numbers Best In 12 Years; We Navigate These Contradictions"	0
19-11-2019 20:08	Morgan Stanley Adds to Chorus of Mortgage Sector Boosters	0
19-11-2019 19:50	ETFs in Focus as US Homebuilder Sentiment Drops in November	1
19-11-2019 19:36	U.S. safety board wants Boeing to redesign 737 NG part after fatal Southwest accident	0
19-11-2019 19:30	Home Depot Inc (HD) Q3 2019 Earnings Call Transcript	0
19-11-2019 19:11	Gilat Satellite Networks Ltd. (GILT) CEO Yona Ovadia on Q3 2019 Results - Earnings Call Transcript	0
19-11-2019 19:11	Gilat Satellite Networks Ltd. (GILT) CEO Yona Ovadia on Q3 2019 Results - Earnings Call Transcript	0
19-11-2019 19:08	OnePlus 6T GSM Unlocked Smartphone For $449 And 7Pro GSM Unlocked Smartphone For $549 Shipped	1
19-11-2019 19:07	The Clearing House adds HSBC and Wells Fargo to its real-time payments network	1
19-11-2019 18:54	Keysight Technologies to Participate in Upcoming Investor Conferences	1
19-11-2019 18:54	Affimed N.V. (AFMD) CEO Adi Hoess on Q3 2019 Results - Earnings Call Transcript	0
19-11-2019 18:50	"How Much Upside Is Too Much for Intel, AMD and Nvidia?"	0
19-11-2019 18:45	"Today Only: Save On Anker Chargers, Battery Packs, Headphones, And More From Amazon"	1
19-11-2019 18:44	Keysight Technologies to Participate in Upcoming Investor Conferences	0
19-11-2019 18:44	Keysight Technologies to Participate in Upcoming Investor Conferences	1
19-11-2019 18:43	Banks see Fed payments proposal opening door to fintech rivals	0
19-11-2019 18:40	"The Home Depot, Inc. (HD) CEO Craig Menear on Q3 2019 Results - Earnings Call Transcript"	0
19-11-2019 18:40	Enochian Biosciences Is A House Of Cards - The Pipeline Is Entirely Pre-Clinical And Management Has A Questionable History	1
19-11-2019 18:28	"A Jewish Education Should Be Affordable For Everyone. In Cincinnati, It Is. Get Up To A $600 Travel Credit To See!"	1
19-11-2019 18:25	Wells Fargo (WFC) Presents At Bank Of America Merrill Lynch Future Of Financials 2019 Conference - Slideshow	1
19-11-2019 18:25	Wells Fargo (WFC) Presents At Bank Of America Merrill Lynch Future Of Financials 2019 Conference - Slideshow	0
19-11-2019 18:12	"40 Metal Collar Stays For Just $3.90 And 350 Plastic Collar Stays For Just $3.49 From Amazon, Plus Prime No Rush Credit!"	1
19-11-2019 18:11	"OZZY Invites Fans ""Straight To Hell"" This Friday"	0
19-11-2019 18:10	US safety board wants Boeing to redesign 737 NG part after fatal Southwest accident	0
19-11-2019 18:07	The ‘supercycle’ bear market in commodities still has years to run: Wells Fargo	1
19-11-2019 18:00	Ashland Inc (ASH) Q4 2019 Earnings Call Transcript	0
19-11-2019 17:40	US: Homebuilding is gradually gaining momentum – Wells Fargo	1
19-11-2019 17:24	"Leon Draisaitl, John Carlson And Cale Makar Are Leading The Way In The High-Octane 2019-20 NHL Season"	1
19-11-2019 16:56	Tool Busts Out ‘Swamp Song’ In Philadelphia	1
19-11-2019 16:35	24 Pack Of Niagara Water Bottles For Just $3.48 From Amazon!	1
19-11-2019 16:28	"5 Pack Of NUK Orthodontic Pacifiers For $2.50 From Amazon, Plus Prime No Rush Credit!"	0
19-11-2019 16:13	"Elder Financial Abuse Training Rises To 90% Of Banks, More than 4-Fold Increase In 2 years"	1
19-11-2019 16:12	Post Malone announces 2020 “Runaway Tour” dates	0
19-11-2019 16:03	Post Malone Announces New 2020 ‘Runaway’ Tour Dates With Swae Lee	0
19-11-2019 15:54	Wells Fargo Lends $195M in Two L.A. Office Deals	0
19-11-2019 15:53	Post Malone and Swae Lee Are Playing Canada on 2020 Tour	1
19-11-2019 15:51	"Watch the newest commercials on TV from Verizon, Wells Fargo, Ford and more"	1
19-11-2019 15:51	Longevity Project explores the nuanced implications of longer life	0
19-11-2019 15:48	Post Malone Announces Leg 2 Of Runaway Tour For 2020: See the New Dates	0
19-11-2019 15:37	Post Malone Extends Runaway Tour Into 2020	1
19-11-2019 15:26	First Financial Corp. - Banking For Over 185 Years	0
19-11-2019 15:25	Graco Sense2Soothe Baby Swing With Cry Detection Technology For $118.99 Shipped From Amazon	0
19-11-2019 15:20	Union Bank names new regional president in the Bay Area	1
19-11-2019 15:03	"Fans cheer Max Kellerman’s views on Colin Kaepernick, blast Stephen A. Smith"	0
19-11-2019 15:01	UPDATE 1-U.S. safety board meeting on Southwest engine failure that caused fatal accident	1
19-11-2019 15:01	CORRECTED-UPDATE 3-U.S. safety board wants Boeing to redesign 737 NG part after fatal Southwest accident	0
19-11-2019 15:01	Wells Fargo provides corporates with API for sending real-time payments	1
19-11-2019 14:42	HOT! JBL Control Xstream Wireless Stereo Speakers For $179.95 Shipped From Newegg After $300 Price Drop!	1
19-11-2019 14:39	"Despite Back-and-Forth Trade News, Market Continues To Grind Higher"	0
